497410,Manchester United FC,Fulham FC,2024-08-16T19:00:00Z,SCHEDULED,,
497411,Ipswich Town FC,Liverpool FC,2024-08-17T11:30:00Z,SCHEDULED,,
497412,Arsenal FC,Wolverhampton Wanderers FC,2024-08-17T14:00:00Z,SCHEDULED,,
497413,Everton FC,Brighton & Hove Albion FC,2024-08-17T14:00:00Z,SCHEDULED,,
497414,Newcastle United FC,Southampton FC,2024-08-17T14:00:00Z,SCHEDULED,,
497415,Nottingham Forest FC,AFC Bournemouth,2024-08-17T14:00:00Z,SCHEDULED,,
497416,West Ham United FC,Aston Villa FC,2024-08-17T16:30:00Z,SCHEDULED,,
497417,Brentford FC,Crystal Palace FC,2024-08-18T13:00:00Z,SCHEDULED,,
497418,Chelsea FC,Manchester City FC,2024-08-18T15:30:00Z,SCHEDULED,,
497419,Leicester City FC,Tottenham Hotspur FC,2024-08-19T19:00:00Z,SCHEDULED,,
497422,Brighton & Hove Albion FC,Manchester United FC,2024-08-24T11:30:00Z,SCHEDULED,,
497423,Crystal Palace FC,West Ham United FC,2024-08-24T14:00:00Z,SCHEDULED,,
497424,Fulham FC,Leicester City FC,2024-08-24T14:00:00Z,SCHEDULED,,
497426,Manchester City FC,Ipswich Town FC,2024-08-24T14:00:00Z,SCHEDULED,,
497427,Southampton FC,Nottingham Forest FC,2024-08-24T14:00:00Z,SCHEDULED,,
497428,Tottenham Hotspur FC,Everton FC,2024-08-24T14:00:00Z,SCHEDULED,,
497421,Aston Villa FC,Arsenal FC,2024-08-24T16:30:00Z,SCHEDULED,,
497420,AFC Bournemouth,Newcastle United FC,2024-08-25T13:00:00Z,SCHEDULED,,
497429,Wolverhampton Wanderers FC,Chelsea FC,2024-08-25T13:00:00Z,SCHEDULED,,
497425,Liverpool FC,Brentford FC,2024-08-25T15:30:00Z,SCHEDULED,,
497430,Arsenal FC,Brighton & Hove Albion FC,2024-08-31T11:30:00Z,SCHEDULED,,
497431,Brentford FC,Southampton FC,2024-08-31T14:00:00Z,SCHEDULED,,
497433,Everton FC,AFC Bournemouth,2024-08-31T14:00:00Z,SCHEDULED,,
497434,Ipswich Town FC,Fulham FC,2024-08-31T14:00:00Z,SCHEDULED,,
497435,Leicester City FC,Aston Villa FC,2024-08-31T14:00:00Z,SCHEDULED,,
497438,Nottingham Forest FC,Wolverhampton Wanderers FC,2024-08-31T14:00:00Z,SCHEDULED,,
497439,West Ham United FC,Manchester City FC,2024-08-31T16:30:00Z,SCHEDULED,,
497432,Chelsea FC,Crystal Palace FC,2024-09-01T14:00:00Z,SCHEDULED,,
497436,Manchester United FC,Liverpool FC,2024-09-01T14:00:00Z,SCHEDULED,,
497437,Newcastle United FC,Tottenham Hotspur FC,2024-09-01T14:00:00Z,SCHEDULED,,
497447,Southampton FC,Manchester United FC,2024-09-14T11:30:00Z,SCHEDULED,,
497442,Brighton & Hove Albion FC,Ipswich Town FC,2024-09-14T14:00:00Z,SCHEDULED,,
497443,Crystal Palace FC,Leicester City FC,2024-09-14T14:00:00Z,SCHEDULED,,
497444,Fulham FC,West Ham United FC,2024-09-14T14:00:00Z,SCHEDULED,,
497445,Liverpool FC,Nottingham Forest FC,2024-09-14T14:00:00Z,SCHEDULED,,
497446,Manchester City FC,Brentford FC,2024-09-14T14:00:00Z,SCHEDULED,,
497441,Aston Villa FC,Everton FC,2024-09-14T16:30:00Z,SCHEDULED,,
497440,AFC Bournemouth,Chelsea FC,2024-09-14T19:00:00Z,SCHEDULED,,
497448,Tottenham Hotspur FC,Arsenal FC,2024-09-15T13:00:00Z,SCHEDULED,,
497449,Wolverhampton Wanderers FC,Newcastle United FC,2024-09-15T15:30:00Z,SCHEDULED,,
497459,West Ham United FC,Chelsea FC,2024-09-21T11:30:00Z,SCHEDULED,,
497450,Aston Villa FC,Wolverhampton Wanderers FC,2024-09-21T14:00:00Z,SCHEDULED,,
497453,Fulham FC,Newcastle United FC,2024-09-21T14:00:00Z,SCHEDULED,,
497454,Leicester City FC,Everton FC,2024-09-21T14:00:00Z,SCHEDULED,,
497455,Liverpool FC,AFC Bournemouth,2024-09-21T14:00:00Z,SCHEDULED,,
497457,Southampton FC,Ipswich Town FC,2024-09-21T14:00:00Z,SCHEDULED,,
497458,Tottenham Hotspur FC,Brentford FC,2024-09-21T14:00:00Z,SCHEDULED,,
497452,Crystal Palace FC,Manchester United FC,2024-09-21T16:30:00Z,SCHEDULED,,
497451,Brighton & Hove Albion FC,Nottingham Forest FC,2024-09-22T13:00:00Z,SCHEDULED,,
497456,Manchester City FC,Arsenal FC,2024-09-22T15:30:00Z,SCHEDULED,,
497467,Newcastle United FC,Manchester City FC,2024-09-28T11:30:00Z,SCHEDULED,,
497461,Arsenal FC,Leicester City FC,2024-09-28T14:00:00Z,SCHEDULED,,
497462,Brentford FC,West Ham United FC,2024-09-28T14:00:00Z,SCHEDULED,,
497463,Chelsea FC,Brighton & Hove Albion FC,2024-09-28T14:00:00Z,SCHEDULED,,
497464,Everton FC,Crystal Palace FC,2024-09-28T14:00:00Z,SCHEDULED,,
497468,Nottingham Forest FC,Fulham FC,2024-09-28T14:00:00Z,SCHEDULED,,
497469,Wolverhampton Wanderers FC,Liverpool FC,2024-09-28T16:30:00Z,SCHEDULED,,
497465,Ipswich Town FC,Aston Villa FC,2024-09-29T13:00:00Z,SCHEDULED,,
497466,Manchester United FC,Tottenham Hotspur FC,2024-09-29T15:30:00Z,SCHEDULED,,
497460,AFC Bournemouth,Southampton FC,2024-09-30T19:00:00Z,SCHEDULED,,
497470,Arsenal FC,Southampton FC,2024-10-05T00:00:00Z,SCHEDULED,,
497471,Aston Villa FC,Manchester United FC,2024-10-05T00:00:00Z,SCHEDULED,,
497472,Brentford FC,Wolverhampton Wanderers FC,2024-10-05T00:00:00Z,SCHEDULED,,
497473,Brighton & Hove Albion FC,Tottenham Hotspur FC,2024-10-05T00:00:00Z,SCHEDULED,,
497474,Chelsea FC,Nottingham Forest FC,2024-10-05T00:00:00Z,SCHEDULED,,
497475,Crystal Palace FC,Liverpool FC,2024-10-05T00:00:00Z,SCHEDULED,,
497476,Everton FC,Newcastle United FC,2024-10-05T00:00:00Z,SCHEDULED,,
497477,Leicester City FC,AFC Bournemouth,2024-10-05T00:00:00Z,SCHEDULED,,
497478,Manchester City FC,Fulham FC,2024-10-05T00:00:00Z,SCHEDULED,,
497479,West Ham United FC,Ipswich Town FC,2024-10-05T00:00:00Z,SCHEDULED,,
497480,AFC Bournemouth,Arsenal FC,2024-10-19T00:00:00Z,SCHEDULED,,
497481,Fulham FC,Aston Villa FC,2024-10-19T00:00:00Z,SCHEDULED,,
497482,Ipswich Town FC,Everton FC,2024-10-19T00:00:00Z,SCHEDULED,,
497483,Liverpool FC,Chelsea FC,2024-10-19T00:00:00Z,SCHEDULED,,
497484,Manchester United FC,Brentford FC,2024-10-19T00:00:00Z,SCHEDULED,,
497485,Newcastle United FC,Brighton & Hove Albion FC,2024-10-19T00:00:00Z,SCHEDULED,,
497486,Nottingham Forest FC,Crystal Palace FC,2024-10-19T00:00:00Z,SCHEDULED,,
497487,Southampton FC,Leicester City FC,2024-10-19T00:00:00Z,SCHEDULED,,
497488,Tottenham Hotspur FC,West Ham United FC,2024-10-19T00:00:00Z,SCHEDULED,,
497489,Wolverhampton Wanderers FC,Manchester City FC,2024-10-19T00:00:00Z,SCHEDULED,,
497490,Arsenal FC,Liverpool FC,2024-10-26T00:00:00Z,SCHEDULED,,
497491,Aston Villa FC,AFC Bournemouth,2024-10-26T00:00:00Z,SCHEDULED,,
497492,Brentford FC,Ipswich Town FC,2024-10-26T00:00:00Z,SCHEDULED,,
497493,Brighton & Hove Albion FC,Wolverhampton Wanderers FC,2024-10-26T00:00:00Z,SCHEDULED,,
497494,Chelsea FC,Newcastle United FC,2024-10-26T00:00:00Z,SCHEDULED,,
497495,Crystal Palace FC,Tottenham Hotspur FC,2024-10-26T00:00:00Z,SCHEDULED,,
497496,Everton FC,Fulham FC,2024-10-26T00:00:00Z,SCHEDULED,,
497497,Leicester City FC,Nottingham Forest FC,2024-10-26T00:00:00Z,SCHEDULED,,
497498,Manchester City FC,Southampton FC,2024-10-26T00:00:00Z,SCHEDULED,,
497499,West Ham United FC,Manchester United FC,2024-10-26T00:00:00Z,SCHEDULED,,
497500,AFC Bournemouth,Manchester City FC,2024-11-02T00:00:00Z,SCHEDULED,,
497501,Fulham FC,Brentford FC,2024-11-02T00:00:00Z,SCHEDULED,,
497502,Ipswich Town FC,Leicester City FC,2024-11-02T00:00:00Z,SCHEDULED,,
497503,Liverpool FC,Brighton & Hove Albion FC,2024-11-02T00:00:00Z,SCHEDULED,,
497504,Manchester United FC,Chelsea FC,2024-11-02T00:00:00Z,SCHEDULED,,
497505,Newcastle United FC,Arsenal FC,2024-11-02T00:00:00Z,SCHEDULED,,
497506,Nottingham Forest FC,West Ham United FC,2024-11-02T00:00:00Z,SCHEDULED,,
497507,Southampton FC,Everton FC,2024-11-02T00:00:00Z,SCHEDULED,,
497508,Tottenham Hotspur FC,Aston Villa FC,2024-11-02T00:00:00Z,SCHEDULED,,
497509,Wolverhampton Wanderers FC,Crystal Palace FC,2024-11-02T00:00:00Z,SCHEDULED,,
497510,Brentford FC,AFC Bournemouth,2024-11-09T00:00:00Z,SCHEDULED,,
497511,Brighton & Hove Albion FC,Manchester City FC,2024-11-09T00:00:00Z,SCHEDULED,,
497512,Chelsea FC,Arsenal FC,2024-11-09T00:00:00Z,SCHEDULED,,
497513,Crystal Palace FC,Fulham FC,2024-11-09T00:00:00Z,SCHEDULED,,
497514,Liverpool FC,Aston Villa FC,2024-11-09T00:00:00Z,SCHEDULED,,
497515,Manchester United FC,Leicester City FC,2024-11-09T00:00:00Z,SCHEDULED,,
497516,Nottingham Forest FC,Newcastle United FC,2024-11-09T00:00:00Z,SCHEDULED,,
497517,Tottenham Hotspur FC,Ipswich Town FC,2024-11-09T00:00:00Z,SCHEDULED,,
497518,West Ham United FC,Everton FC,2024-11-09T00:00:00Z,SCHEDULED,,
497519,Wolverhampton Wanderers FC,Southampton FC,2024-11-09T00:00:00Z,SCHEDULED,,
497520,AFC Bournemouth,Brighton & Hove Albion FC,2024-11-23T00:00:00Z,SCHEDULED,,
497521,Arsenal FC,Nottingham Forest FC,2024-11-23T00:00:00Z,SCHEDULED,,
497522,Aston Villa FC,Crystal Palace FC,2024-11-23T00:00:00Z,SCHEDULED,,
497523,Everton FC,Brentford FC,2024-11-23T00:00:00Z,SCHEDULED,,
497524,Fulham FC,Wolverhampton Wanderers FC,2024-11-23T00:00:00Z,SCHEDULED,,
497525,Ipswich Town FC,Manchester United FC,2024-11-23T00:00:00Z,SCHEDULED,,
497526,Leicester City FC,Chelsea FC,2024-11-23T00:00:00Z,SCHEDULED,,
497527,Manchester City FC,Tottenham Hotspur FC,2024-11-23T00:00:00Z,SCHEDULED,,
497528,Newcastle United FC,West Ham United FC,2024-11-23T00:00:00Z,SCHEDULED,,
497529,Southampton FC,Liverpool FC,2024-11-23T00:00:00Z,SCHEDULED,,
497530,Brentford FC,Leicester City FC,2024-11-30T00:00:00Z,SCHEDULED,,
497531,Brighton & Hove Albion FC,Southampton FC,2024-11-30T00:00:00Z,SCHEDULED,,
497532,Chelsea FC,Aston Villa FC,2024-11-30T00:00:00Z,SCHEDULED,,
497533,Crystal Palace FC,Newcastle United FC,2024-11-30T00:00:00Z,SCHEDULED,,
497534,Liverpool FC,Manchester City FC,2024-11-30T00:00:00Z,SCHEDULED,,
497535,Manchester United FC,Everton FC,2024-11-30T00:00:00Z,SCHEDULED,,
497536,Nottingham Forest FC,Ipswich Town FC,2024-11-30T00:00:00Z,SCHEDULED,,
497537,Tottenham Hotspur FC,Fulham FC,2024-11-30T00:00:00Z,SCHEDULED,,
497538,West Ham United FC,Arsenal FC,2024-11-30T00:00:00Z,SCHEDULED,,
497539,Wolverhampton Wanderers FC,AFC Bournemouth,2024-11-30T00:00:00Z,SCHEDULED,,
497540,AFC Bournemouth,Tottenham Hotspur FC,2024-12-03T00:00:00Z,SCHEDULED,,
497541,Arsenal FC,Manchester United FC,2024-12-03T00:00:00Z,SCHEDULED,,
497542,Aston Villa FC,Brentford FC,2024-12-03T00:00:00Z,SCHEDULED,,
497543,Everton FC,Wolverhampton Wanderers FC,2024-12-03T00:00:00Z,SCHEDULED,,
497544,Fulham FC,Brighton & Hove Albion FC,2024-12-03T00:00:00Z,SCHEDULED,,
497545,Ipswich Town FC,Crystal Palace FC,2024-12-03T00:00:00Z,SCHEDULED,,
497546,Leicester City FC,West Ham United FC,2024-12-03T00:00:00Z,SCHEDULED,,
497547,Manchester City FC,Nottingham Forest FC,2024-12-04T00:00:00Z,SCHEDULED,,
497548,Newcastle United FC,Liverpool FC,2024-12-04T00:00:00Z,SCHEDULED,,
497549,Southampton FC,Chelsea FC,2024-12-04T00:00:00Z,SCHEDULED,,
497550,Aston Villa FC,Southampton FC,2024-12-07T00:00:00Z,SCHEDULED,,
497551,Brentford FC,Newcastle United FC,2024-12-07T00:00:00Z,SCHEDULED,,
497552,Crystal Palace FC,Manchester City FC,2024-12-07T00:00:00Z,SCHEDULED,,
497553,Everton FC,Liverpool FC,2024-12-07T00:00:00Z,SCHEDULED,,
497554,Fulham FC,Arsenal FC,2024-12-07T00:00:00Z,SCHEDULED,,
497555,Ipswich Town FC,AFC Bournemouth,2024-12-07T00:00:00Z,SCHEDULED,,
497556,Leicester City FC,Brighton & Hove Albion FC,2024-12-07T00:00:00Z,SCHEDULED,,
497557,Manchester United FC,Nottingham Forest FC,2024-12-07T00:00:00Z,SCHEDULED,,
497558,Tottenham Hotspur FC,Chelsea FC,2024-12-07T00:00:00Z,SCHEDULED,,
497559,West Ham United FC,Wolverhampton Wanderers FC,2024-12-07T00:00:00Z,SCHEDULED,,
497560,AFC Bournemouth,West Ham United FC,2024-12-14T00:00:00Z,SCHEDULED,,
497561,Arsenal FC,Everton FC,2024-12-14T00:00:00Z,SCHEDULED,,
497562,Brighton & Hove Albion FC,Crystal Palace FC,2024-12-14T00:00:00Z,SCHEDULED,,
497563,Chelsea FC,Brentford FC,2024-12-14T00:00:00Z,SCHEDULED,,
497564,Liverpool FC,Fulham FC,2024-12-14T00:00:00Z,SCHEDULED,,
497565,Manchester City FC,Manchester United FC,2024-12-14T00:00:00Z,SCHEDULED,,
497566,Newcastle United FC,Leicester City FC,2024-12-14T00:00:00Z,SCHEDULED,,
497567,Nottingham Forest FC,Aston Villa FC,2024-12-14T00:00:00Z,SCHEDULED,,
497568,Southampton FC,Tottenham Hotspur FC,2024-12-14T00:00:00Z,SCHEDULED,,
497569,Wolverhampton Wanderers FC,Ipswich Town FC,2024-12-14T00:00:00Z,SCHEDULED,,
497570,Aston Villa FC,Manchester City FC,2024-12-21T00:00:00Z,SCHEDULED,,
497571,Brentford FC,Nottingham Forest FC,2024-12-21T00:00:00Z,SCHEDULED,,
497572,Crystal Palace FC,Arsenal FC,2024-12-21T00:00:00Z,SCHEDULED,,
497573,Everton FC,Chelsea FC,2024-12-21T00:00:00Z,SCHEDULED,,
497574,Fulham FC,Southampton FC,2024-12-21T00:00:00Z,SCHEDULED,,
497575,Ipswich Town FC,Newcastle United FC,2024-12-21T00:00:00Z,SCHEDULED,,
497576,Leicester City FC,Wolverhampton Wanderers FC,2024-12-21T00:00:00Z,SCHEDULED,,
497577,Manchester United FC,AFC Bournemouth,2024-12-21T00:00:00Z,SCHEDULED,,
497578,Tottenham Hotspur FC,Liverpool FC,2024-12-21T00:00:00Z,SCHEDULED,,
497579,West Ham United FC,Brighton & Hove Albion FC,2024-12-21T00:00:00Z,SCHEDULED,,
497580,AFC Bournemouth,Crystal Palace FC,2024-12-26T00:00:00Z,SCHEDULED,,
497581,Arsenal FC,Ipswich Town FC,2024-12-26T00:00:00Z,SCHEDULED,,
497582,Brighton & Hove Albion FC,Brentford FC,2024-12-26T00:00:00Z,SCHEDULED,,
497583,Chelsea FC,Fulham FC,2024-12-26T00:00:00Z,SCHEDULED,,
497584,Liverpool FC,Leicester City FC,2024-12-26T00:00:00Z,SCHEDULED,,
497585,Manchester City FC,Everton FC,2024-12-26T00:00:00Z,SCHEDULED,,
497586,Newcastle United FC,Aston Villa FC,2024-12-26T00:00:00Z,SCHEDULED,,
497587,Nottingham Forest FC,Tottenham Hotspur FC,2024-12-26T00:00:00Z,SCHEDULED,,
497588,Southampton FC,West Ham United FC,2024-12-26T00:00:00Z,SCHEDULED,,
497589,Wolverhampton Wanderers FC,Manchester United FC,2024-12-26T00:00:00Z,SCHEDULED,,
497590,Aston Villa FC,Brighton & Hove Albion FC,2024-12-29T00:00:00Z,SCHEDULED,,
497591,Brentford FC,Arsenal FC,2024-12-29T00:00:00Z,SCHEDULED,,
497592,Crystal Palace FC,Southampton FC,2024-12-29T00:00:00Z,SCHEDULED,,
497593,Everton FC,Nottingham Forest FC,2024-12-29T00:00:00Z,SCHEDULED,,
497594,Fulham FC,AFC Bournemouth,2024-12-29T00:00:00Z,SCHEDULED,,
497595,Ipswich Town FC,Chelsea FC,2024-12-29T00:00:00Z,SCHEDULED,,
497596,Leicester City FC,Manchester City FC,2024-12-29T00:00:00Z,SCHEDULED,,
497597,Manchester United FC,Newcastle United FC,2024-12-29T00:00:00Z,SCHEDULED,,
497598,Tottenham Hotspur FC,Wolverhampton Wanderers FC,2024-12-29T00:00:00Z,SCHEDULED,,
497599,West Ham United FC,Liverpool FC,2024-12-29T00:00:00Z,SCHEDULED,,
497600,Brighton & Hove Albion FC,Arsenal FC,2025-01-04T00:00:00Z,SCHEDULED,,
497601,Southampton FC,Brentford FC,2025-01-04T00:00:00Z,SCHEDULED,,
497602,Crystal Palace FC,Chelsea FC,2025-01-04T00:00:00Z,SCHEDULED,,
497603,AFC Bournemouth,Everton FC,2025-01-04T00:00:00Z,SCHEDULED,,
497604,Fulham FC,Ipswich Town FC,2025-01-04T00:00:00Z,SCHEDULED,,
497605,Aston Villa FC,Leicester City FC,2025-01-04T00:00:00Z,SCHEDULED,,
497606,Liverpool FC,Manchester United FC,2025-01-04T00:00:00Z,SCHEDULED,,
497607,Tottenham Hotspur FC,Newcastle United FC,2025-01-04T00:00:00Z,SCHEDULED,,
497608,Wolverhampton Wanderers FC,Nottingham Forest FC,2025-01-04T00:00:00Z,SCHEDULED,,
497609,Manchester City FC,West Ham United FC,2025-01-04T00:00:00Z,SCHEDULED,,
497610,Everton FC,Aston Villa FC,2025-01-14T00:00:00Z,SCHEDULED,,
497611,Ipswich Town FC,Brighton & Hove Albion FC,2025-01-14T00:00:00Z,SCHEDULED,,
497612,Leicester City FC,Crystal Palace FC,2025-01-14T00:00:00Z,SCHEDULED,,
497613,West Ham United FC,Fulham FC,2025-01-14T00:00:00Z,SCHEDULED,,
497614,Nottingham Forest FC,Liverpool FC,2025-01-14T00:00:00Z,SCHEDULED,,
497615,Brentford FC,Manchester City FC,2025-01-14T00:00:00Z,SCHEDULED,,
497616,Arsenal FC,Tottenham Hotspur FC,2025-01-14T00:00:00Z,SCHEDULED,,
497617,Chelsea FC,AFC Bournemouth,2025-01-15T00:00:00Z,SCHEDULED,,
497618,Manchester United FC,Southampton FC,2025-01-15T00:00:00Z,SCHEDULED,,
497619,Newcastle United FC,Wolverhampton Wanderers FC,2025-01-15T00:00:00Z,SCHEDULED,,
497620,Newcastle United FC,AFC Bournemouth,2025-01-18T00:00:00Z,SCHEDULED,,
497621,Arsenal FC,Aston Villa FC,2025-01-18T00:00:00Z,SCHEDULED,,
497622,Manchester United FC,Brighton & Hove Albion FC,2025-01-18T00:00:00Z,SCHEDULED,,
497623,West Ham United FC,Crystal Palace FC,2025-01-18T00:00:00Z,SCHEDULED,,
497624,Leicester City FC,Fulham FC,2025-01-18T00:00:00Z,SCHEDULED,,
497625,Brentford FC,Liverpool FC,2025-01-18T00:00:00Z,SCHEDULED,,
497626,Ipswich Town FC,Manchester City FC,2025-01-18T00:00:00Z,SCHEDULED,,
497627,Nottingham Forest FC,Southampton FC,2025-01-18T00:00:00Z,SCHEDULED,,
497628,Everton FC,Tottenham Hotspur FC,2025-01-18T00:00:00Z,SCHEDULED,,
497629,Chelsea FC,Wolverhampton Wanderers FC,2025-01-18T00:00:00Z,SCHEDULED,,
497630,Fulham FC,Manchester United FC,2025-01-25T00:00:00Z,SCHEDULED,,
497631,Liverpool FC,Ipswich Town FC,2025-01-25T00:00:00Z,SCHEDULED,,
497632,Wolverhampton Wanderers FC,Arsenal FC,2025-01-25T00:00:00Z,SCHEDULED,,
497633,Brighton & Hove Albion FC,Everton FC,2025-01-25T00:00:00Z,SCHEDULED,,
497634,Southampton FC,Newcastle United FC,2025-01-25T00:00:00Z,SCHEDULED,,
497635,AFC Bournemouth,Nottingham Forest FC,2025-01-25T00:00:00Z,SCHEDULED,,
497636,Aston Villa FC,West Ham United FC,2025-01-25T00:00:00Z,SCHEDULED,,
497637,Crystal Palace FC,Brentford FC,2025-01-25T00:00:00Z,SCHEDULED,,
497638,Manchester City FC,Chelsea FC,2025-01-25T00:00:00Z,SCHEDULED,,
497639,Tottenham Hotspur FC,Leicester City FC,2025-01-25T00:00:00Z,SCHEDULED,,
497640,Wolverhampton Wanderers FC,Aston Villa FC,2025-02-01T00:00:00Z,SCHEDULED,,
497641,Nottingham Forest FC,Brighton & Hove Albion FC,2025-02-01T00:00:00Z,SCHEDULED,,
497642,Manchester United FC,Crystal Palace FC,2025-02-01T00:00:00Z,SCHEDULED,,
497643,Newcastle United FC,Fulham FC,2025-02-01T00:00:00Z,SCHEDULED,,
497644,Everton FC,Leicester City FC,2025-02-01T00:00:00Z,SCHEDULED,,
497645,AFC Bournemouth,Liverpool FC,2025-02-01T00:00:00Z,SCHEDULED,,
497646,Arsenal FC,Manchester City FC,2025-02-01T00:00:00Z,SCHEDULED,,
497647,Ipswich Town FC,Southampton FC,2025-02-01T00:00:00Z,SCHEDULED,,
497648,Brentford FC,Tottenham Hotspur FC,2025-02-01T00:00:00Z,SCHEDULED,,
497649,Chelsea FC,West Ham United FC,2025-02-01T00:00:00Z,SCHEDULED,,
497650,Southampton FC,AFC Bournemouth,2025-02-15T00:00:00Z,SCHEDULED,,
497651,Leicester City FC,Arsenal FC,2025-02-15T00:00:00Z,SCHEDULED,,
497652,West Ham United FC,Brentford FC,2025-02-15T00:00:00Z,SCHEDULED,,
497653,Brighton & Hove Albion FC,Chelsea FC,2025-02-15T00:00:00Z,SCHEDULED,,
497654,Crystal Palace FC,Everton FC,2025-02-15T00:00:00Z,SCHEDULED,,
497655,Aston Villa FC,Ipswich Town FC,2025-02-15T00:00:00Z,SCHEDULED,,
497656,Tottenham Hotspur FC,Manchester United FC,2025-02-15T00:00:00Z,SCHEDULED,,
497657,Manchester City FC,Newcastle United FC,2025-02-15T00:00:00Z,SCHEDULED,,
497658,Fulham FC,Nottingham Forest FC,2025-02-15T00:00:00Z,SCHEDULED,,
497659,Liverpool FC,Wolverhampton Wanderers FC,2025-02-15T00:00:00Z,SCHEDULED,,
497664,Manchester City FC,Liverpool FC,2025-02-22T00:00:00Z,SCHEDULED,,
497665,Everton FC,Manchester United FC,2025-02-22T00:00:00Z,SCHEDULED,,
497666,Ipswich Town FC,Tottenham Hotspur FC,2025-02-22T00:00:00Z,SCHEDULED,,
497667,Fulham FC,Crystal Palace FC,2025-02-22T00:00:00Z,SCHEDULED,,
497668,Arsenal FC,West Ham United FC,2025-02-22T00:00:00Z,SCHEDULED,,
497669,AFC Bournemouth,Wolverhampton Wanderers FC,2025-02-22T00:00:00Z,SCHEDULED,,
497660,Leicester City FC,Brentford FC,2025-02-22T00:00:00Z,SCHEDULED,,
497661,Southampton FC,Brighton & Hove Albion FC,2025-02-22T00:00:00Z,SCHEDULED,,
497662,Aston Villa FC,Chelsea FC,2025-02-22T00:00:00Z,SCHEDULED,,
497663,Newcastle United FC,Nottingham Forest FC,2025-02-22T00:00:00Z,SCHEDULED,,
497670,Brighton & Hove Albion FC,AFC Bournemouth,2025-02-25T00:00:00Z,SCHEDULED,,
497671,Nottingham Forest FC,Arsenal FC,2025-02-25T00:00:00Z,SCHEDULED,,
497672,Crystal Palace FC,Aston Villa FC,2025-02-25T00:00:00Z,SCHEDULED,,
497673,Brentford FC,Everton FC,2025-02-25T00:00:00Z,SCHEDULED,,
497674,Wolverhampton Wanderers FC,Fulham FC,2025-02-25T00:00:00Z,SCHEDULED,,
497675,Tottenham Hotspur FC,Manchester City FC,2025-02-25T00:00:00Z,SCHEDULED,,
497676,West Ham United FC,Leicester City FC,2025-02-25T00:00:00Z,SCHEDULED,,
497677,Manchester United FC,Ipswich Town FC,2025-02-26T00:00:00Z,SCHEDULED,,
497678,Chelsea FC,Southampton FC,2025-02-26T00:00:00Z,SCHEDULED,,
497679,Liverpool FC,Newcastle United FC,2025-02-26T00:00:00Z,SCHEDULED,,
497680,Tottenham Hotspur FC,AFC Bournemouth,2025-03-08T00:00:00Z,SCHEDULED,,
497681,Manchester United FC,Arsenal FC,2025-03-08T00:00:00Z,SCHEDULED,,
497682,Brentford FC,Aston Villa FC,2025-03-08T00:00:00Z,SCHEDULED,,
497683,Wolverhampton Wanderers FC,Everton FC,2025-03-08T00:00:00Z,SCHEDULED,,
497684,Brighton & Hove Albion FC,Fulham FC,2025-03-08T00:00:00Z,SCHEDULED,,
497685,Crystal Palace FC,Ipswich Town FC,2025-03-08T00:00:00Z,SCHEDULED,,
497686,West Ham United FC,Newcastle United FC,2025-03-08T00:00:00Z,SCHEDULED,,
497687,Nottingham Forest FC,Manchester City FC,2025-03-08T00:00:00Z,SCHEDULED,,
497688,Liverpool FC,Southampton FC,2025-03-08T00:00:00Z,SCHEDULED,,
497689,Chelsea FC,Leicester City FC,2025-03-08T00:00:00Z,SCHEDULED,,
497690,AFC Bournemouth,Brentford FC,2025-03-15T00:00:00Z,SCHEDULED,,
497691,Arsenal FC,Chelsea FC,2025-03-15T00:00:00Z,SCHEDULED,,
497692,Aston Villa FC,Liverpool FC,2025-03-15T00:00:00Z,SCHEDULED,,
497693,Everton FC,West Ham United FC,2025-03-15T00:00:00Z,SCHEDULED,,
497694,Fulham FC,Tottenham Hotspur FC,2025-03-15T00:00:00Z,SCHEDULED,,
497695,Ipswich Town FC,Nottingham Forest FC,2025-03-15T00:00:00Z,SCHEDULED,,
497696,Leicester City FC,Manchester United FC,2025-03-15T00:00:00Z,SCHEDULED,,
497697,Manchester City FC,Brighton & Hove Albion FC,2025-03-15T00:00:00Z,SCHEDULED,,
497698,Newcastle United FC,Crystal Palace FC,2025-03-15T00:00:00Z,SCHEDULED,,
497699,Southampton FC,Wolverhampton Wanderers FC,2025-03-15T00:00:00Z,SCHEDULED,,
497700,AFC Bournemouth,Ipswich Town FC,2025-04-01T00:00:00Z,SCHEDULED,,
497701,Arsenal FC,Fulham FC,2025-04-01T00:00:00Z,SCHEDULED,,
497702,Brighton & Hove Albion FC,Aston Villa FC,2025-04-01T00:00:00Z,SCHEDULED,,
497703,Nottingham Forest FC,Manchester United FC,2025-04-01T00:00:00Z,SCHEDULED,,
497704,Wolverhampton Wanderers FC,West Ham United FC,2025-04-01T00:00:00Z,SCHEDULED,,
497705,Chelsea FC,Tottenham Hotspur FC,2025-04-02T00:00:00Z,SCHEDULED,,
497706,Manchester City FC,Leicester City FC,2025-04-02T00:00:00Z,SCHEDULED,,
497707,Newcastle United FC,Brentford FC,2025-04-02T00:00:00Z,SCHEDULED,,
497708,Southampton FC,Crystal Palace FC,2025-04-02T00:00:00Z,SCHEDULED,,
497709,Liverpool FC,Everton FC,2025-04-02T00:00:00Z,SCHEDULED,,
497710,Aston Villa FC,Nottingham Forest FC,2025-04-05T00:00:00Z,SCHEDULED,,
497711,Brentford FC,Chelsea FC,2025-04-05T00:00:00Z,SCHEDULED,,
497712,Crystal Palace FC,Brighton & Hove Albion FC,2025-04-05T00:00:00Z,SCHEDULED,,
497713,Everton FC,Arsenal FC,2025-04-05T00:00:00Z,SCHEDULED,,
497714,Fulham FC,Liverpool FC,2025-04-05T00:00:00Z,SCHEDULED,,
497715,Ipswich Town FC,Wolverhampton Wanderers FC,2025-04-05T00:00:00Z,SCHEDULED,,
497716,Leicester City FC,Newcastle United FC,2025-04-05T00:00:00Z,SCHEDULED,,
497717,Manchester United FC,Manchester City FC,2025-04-05T00:00:00Z,SCHEDULED,,
497718,Tottenham Hotspur FC,Southampton FC,2025-04-05T00:00:00Z,SCHEDULED,,
497719,West Ham United FC,AFC Bournemouth,2025-04-05T00:00:00Z,SCHEDULED,,
497720,AFC Bournemouth,Fulham FC,2025-04-12T00:00:00Z,SCHEDULED,,
497721,Arsenal FC,Brentford FC,2025-04-12T00:00:00Z,SCHEDULED,,
497722,Brighton & Hove Albion FC,Leicester City FC,2025-04-12T00:00:00Z,SCHEDULED,,
497723,Chelsea FC,Ipswich Town FC,2025-04-12T00:00:00Z,SCHEDULED,,
497724,Liverpool FC,West Ham United FC,2025-04-12T00:00:00Z,SCHEDULED,,
497725,Manchester City FC,Crystal Palace FC,2025-04-12T00:00:00Z,SCHEDULED,,
497726,Newcastle United FC,Manchester United FC,2025-04-12T00:00:00Z,SCHEDULED,,
497727,Nottingham Forest FC,Everton FC,2025-04-12T00:00:00Z,SCHEDULED,,
497728,Southampton FC,Aston Villa FC,2025-04-12T00:00:00Z,SCHEDULED,,
497729,Wolverhampton Wanderers FC,Tottenham Hotspur FC,2025-04-12T00:00:00Z,SCHEDULED,,
497730,Aston Villa FC,Newcastle United FC,2025-04-19T00:00:00Z,SCHEDULED,,
497731,Brentford FC,Brighton & Hove Albion FC,2025-04-19T00:00:00Z,SCHEDULED,,
497732,Crystal Palace FC,AFC Bournemouth,2025-04-19T00:00:00Z,SCHEDULED,,
497733,Everton FC,Manchester City FC,2025-04-19T00:00:00Z,SCHEDULED,,
497734,Fulham FC,Chelsea FC,2025-04-19T00:00:00Z,SCHEDULED,,
497735,Ipswich Town FC,Arsenal FC,2025-04-19T00:00:00Z,SCHEDULED,,
497736,Leicester City FC,Liverpool FC,2025-04-19T00:00:00Z,SCHEDULED,,
497737,Manchester United FC,Wolverhampton Wanderers FC,2025-04-19T00:00:00Z,SCHEDULED,,
497738,Tottenham Hotspur FC,Nottingham Forest FC,2025-04-19T00:00:00Z,SCHEDULED,,
497739,West Ham United FC,Southampton FC,2025-04-19T00:00:00Z,SCHEDULED,,
497740,AFC Bournemouth,Manchester United FC,2025-04-26T00:00:00Z,SCHEDULED,,
497741,Arsenal FC,Crystal Palace FC,2025-04-26T00:00:00Z,SCHEDULED,,
497742,Brighton & Hove Albion FC,West Ham United FC,2025-04-26T00:00:00Z,SCHEDULED,,
497743,Chelsea FC,Everton FC,2025-04-26T00:00:00Z,SCHEDULED,,
497744,Liverpool FC,Tottenham Hotspur FC,2025-04-26T00:00:00Z,SCHEDULED,,
497745,Manchester City FC,Aston Villa FC,2025-04-26T00:00:00Z,SCHEDULED,,
497746,Newcastle United FC,Ipswich Town FC,2025-04-26T00:00:00Z,SCHEDULED,,
497747,Nottingham Forest FC,Brentford FC,2025-04-26T00:00:00Z,SCHEDULED,,
497748,Southampton FC,Fulham FC,2025-04-26T00:00:00Z,SCHEDULED,,
497749,Wolverhampton Wanderers FC,Leicester City FC,2025-04-26T00:00:00Z,SCHEDULED,,
497750,Arsenal FC,AFC Bournemouth,2025-05-03T00:00:00Z,SCHEDULED,,
497751,Aston Villa FC,Fulham FC,2025-05-03T00:00:00Z,SCHEDULED,,
497752,Brentford FC,Manchester United FC,2025-05-03T00:00:00Z,SCHEDULED,,
497753,Brighton & Hove Albion FC,Newcastle United FC,2025-05-03T00:00:00Z,SCHEDULED,,
497754,Chelsea FC,Liverpool FC,2025-05-03T00:00:00Z,SCHEDULED,,
497755,Crystal Palace FC,Nottingham Forest FC,2025-05-03T00:00:00Z,SCHEDULED,,
497756,Everton FC,Ipswich Town FC,2025-05-03T00:00:00Z,SCHEDULED,,
497757,Leicester City FC,Southampton FC,2025-05-03T00:00:00Z,SCHEDULED,,
497758,Manchester City FC,Wolverhampton Wanderers FC,2025-05-03T00:00:00Z,SCHEDULED,,
497759,West Ham United FC,Tottenham Hotspur FC,2025-05-03T00:00:00Z,SCHEDULED,,
497760,AFC Bournemouth,Aston Villa FC,2025-05-10T00:00:00Z,SCHEDULED,,
497761,Fulham FC,Everton FC,2025-05-10T00:00:00Z,SCHEDULED,,
497762,Ipswich Town FC,Brentford FC,2025-05-10T00:00:00Z,SCHEDULED,,
497763,Liverpool FC,Arsenal FC,2025-05-10T00:00:00Z,SCHEDULED,,
497764,Manchester United FC,West Ham United FC,2025-05-10T00:00:00Z,SCHEDULED,,
497765,Newcastle United FC,Chelsea FC,2025-05-10T00:00:00Z,SCHEDULED,,
497766,Nottingham Forest FC,Leicester City FC,2025-05-10T00:00:00Z,SCHEDULED,,
497767,Southampton FC,Manchester City FC,2025-05-10T00:00:00Z,SCHEDULED,,
497768,Tottenham Hotspur FC,Crystal Palace FC,2025-05-10T00:00:00Z,SCHEDULED,,
497769,Wolverhampton Wanderers FC,Brighton & Hove Albion FC,2025-05-10T00:00:00Z,SCHEDULED,,
497770,Arsenal FC,Newcastle United FC,2025-05-18T00:00:00Z,SCHEDULED,,
497771,Aston Villa FC,Tottenham Hotspur FC,2025-05-18T00:00:00Z,SCHEDULED,,
497772,Brentford FC,Fulham FC,2025-05-18T00:00:00Z,SCHEDULED,,
497773,Brighton & Hove Albion FC,Liverpool FC,2025-05-18T00:00:00Z,SCHEDULED,,
497774,Chelsea FC,Manchester United FC,2025-05-18T00:00:00Z,SCHEDULED,,
497775,Crystal Palace FC,Wolverhampton Wanderers FC,2025-05-18T00:00:00Z,SCHEDULED,,
497776,Everton FC,Southampton FC,2025-05-18T00:00:00Z,SCHEDULED,,
497777,Leicester City FC,Ipswich Town FC,2025-05-18T00:00:00Z,SCHEDULED,,
497778,Manchester City FC,AFC Bournemouth,2025-05-18T00:00:00Z,SCHEDULED,,
497779,West Ham United FC,Nottingham Forest FC,2025-05-18T00:00:00Z,SCHEDULED,,
497780,AFC Bournemouth,Leicester City FC,2025-05-25T15:00:00Z,SCHEDULED,,
497781,Fulham FC,Manchester City FC,2025-05-25T15:00:00Z,SCHEDULED,,
497782,Ipswich Town FC,West Ham United FC,2025-05-25T15:00:00Z,SCHEDULED,,
497783,Liverpool FC,Crystal Palace FC,2025-05-25T15:00:00Z,SCHEDULED,,
497784,Manchester United FC,Aston Villa FC,2025-05-25T15:00:00Z,SCHEDULED,,
497785,Newcastle United FC,Everton FC,2025-05-25T15:00:00Z,SCHEDULED,,
497786,Nottingham Forest FC,Chelsea FC,2025-05-25T15:00:00Z,SCHEDULED,,
497787,Southampton FC,Arsenal FC,2025-05-25T15:00:00Z,SCHEDULED,,
497788,Tottenham Hotspur FC,Brighton & Hove Albion FC,2025-05-25T15:00:00Z,SCHEDULED,,
497789,Wolverhampton Wanderers FC,Brentford FC,2025-05-25T15:00:00Z,SCHEDULED,,
